<?xml version="1.0"?>
<openerp>
	<data>
	<menuitem id="hotel_management_menu" name="Hotel Management" web_icon="data/hotel-grey.png"
                  web_icon_hover="data/hotel-color.png"/>
	<menuitem id="hotel_configuration_menu" name="Configuration" sequence="20" parent ="hotel_management_menu"/>
	<menuitem id="hotel_report_menu" name="Reports" sequence="6" parent ="hotel_management_menu"/>
	
	
	<!--====================================================
								Floor
		==================================================== -->
		
		<record model="ir.ui.view" id="view_hotel_floor_form">
			<field name="name">hotel.floor.form</field>
			<field name="model">hotel.floor</field>
			<field name="arch" type="xml">
				<form string=" Hotel Floor">
					<field name="name" colspan="1"/>
					<field name="sequence" select="1"/>
				</form>
			</field>
		</record>
		<record model="ir.ui.view" id="view_hotel_floor_tree">
			<field name="name">hotel.floor.tree</field>
			<field name="model">hotel.floor</field>
			<field name="arch" type="xml">
				<tree string=" Hotel Floors">
					<field name="name" colspan="1"/>
					<field name="sequence" select="1"/>
				</tree>
			</field>
		</record>
		<record model="ir.actions.act_window" id="open_hotel_floor_form_tree">
			<field name="name">Floor Structure</field>
			<field name="res_model">hotel.floor</field>
			<field name="view_type">form</field>
			<field name="view_mode">tree,form</field>
		</record>
		<menuitem name="Floor"
		          id="menu_open_hotel_floor_form_tree" 
				  action="open_hotel_floor_form_tree"
				  sequence="21"
				  parent="hotel_configuration_menu"/>
	
	<!--==================================================================== 
								Amenities Type
		====================================================================-->

		<record model="ir.ui.view" id="view_hotel_room_amenities_type_form">
			<field name="name">hotel.room_amenities_type_form</field>
			<field name="model">hotel.room_amenities_type</field>
			<field name="arch" type="xml">
				<form string="Hotel Room Amenities Type">
					<field name="name"/>
					<field name="parent_id" domain="[('isamenitype','=',True)]"/>
				</form>
			</field>
		</record>
		<record model="ir.ui.view" id="view_hotel_room_amenities_type_list">
			<field name="name">hotel.room_amenities_type_list</field>
			<field name="model">hotel.room_amenities_type</field>
			<field name="arch" type="xml">
				<tree string="Hotel Room Amenities Type">
					<field name="complete_name"/>
					
				</tree>
			</field>
		</record>
		<record model="ir.actions.act_window" id="action_hotel_room_amenities_type_view_form">
			<field name="name">Hotel Room Amenities Type</field>
			<field name="res_model">hotel.room_amenities_type</field>
			<field name="view_type">form</field>
			<field name="view_mode">tree,form</field>
	   	</record>
	   	<menuitem  id="menu_amenity" name="Amenity" parent="hotel.hotel_configuration_menu" sequence="2"/>
		<menuitem name="Amenity Types"
				  id="menu_action_hotel_room_amenities_type_view_form"
				  action="action_hotel_room_amenities_type_view_form"
				  sequence="3"
				  parent="hotel.menu_amenity"/> 
	
	

	<!--===============================================================
								Room Amenities
        ===============================================================-->




		<record model="ir.ui.view" id="view_hotel_room_amenities_search">
            <field name="name">hotel.room_amenities_search</field>
            <field name="model">hotel.room_amenities</field>
            <field name="arch" type="xml">
                <search string="Hotel Room Amenities">
                    <field name="name" />
                    <field name="categ_id" select="1"/>
                    <field name="list_price" string="Amenity rate"/>
                    <newline/>
                    <group expand="0" string="Group By...">
                        <filter name="categ_id" string="Catagory" icon="terp-stock_symbol-selection" domain="[]" context="{'group_by':'categ_id'}" />
                    </group>
                </search>
            </field>
        </record>
		
		<record model="ir.ui.view" id="view_hotel_room_amenities_list">
			<field name="name">hotel.room_amenities_list</field>
			<field name="model">hotel.room_amenities</field>
			<field name="arch" type="xml">
				<tree string="Hotel Room Amenities">
					<field name="name" />
					<field name="categ_id" select="1"/>
					<field name="list_price" string="Amenity rate"/>
					
				</tree>
			</field>
		</record>
		<record model="ir.actions.act_window" id="action_hotel_room_amenities_view_form">
			<field name="name">Hotel Room Amenities</field>
			<field name="res_model">hotel.room_amenities</field>
			<field name="view_type">form</field>
			<field name="view_mode">tree,form</field>
			<field name="view_id" ref="view_hotel_room_amenities_list"/>
		</record>
		<menuitem name="Amenities"
				  id="menu_action_hotel_room_amenities_view_form"
				  action="action_hotel_room_amenities_view_form"
				  sequence="2"
				  parent="hotel.menu_amenity"/>	
		
	<!--========================================================
								Room Type
		========================================================-->
		<record model="ir.ui.view" id="view_hotel_room_type_form">
			<field name="name">hotel.room_type.form</field>
            <field name="model">hotel.room_type</field>
           <field name="arch" type="xml">
                   <form string=" Hotel Room Type">
                           <field name="name" select="1"/>
                           <field name="parent_id" domain="[('isroomtype','=',True)]" select="1"/>
                       </form>
               </field>
       </record>
       <record model="ir.ui.view" id="view_hotel_room_type_tree">
                <field name="name">hotel.room_type.tree</field>
                <field name="model">hotel.room_type</field>
                <field name="arch" type="xml">
                    <tree string=" Hotel Room Type">
                        <field name="complete_name"/>
                    </tree>
                </field>
		</record>
		<record model="ir.actions.act_window" id="open_hotel_room_type_form_tree">
			<field name="name">Room Type</field>
			<field name="res_model">hotel.room_type</field>
			<field name="view_type">form</field>
			<field name="view_mode">tree,form</field>
		</record>
		<menuitem  id="menu_hotel_room" name="Room" parent="hotel.hotel_configuration_menu" sequence="2"/>
		<menuitem name="Room Types"
				  id="menu_open_hotel_room_type_form_tree" 
				  action="open_hotel_room_type_form_tree"
				  sequence="6"
				  parent="hotel.menu_hotel_room"/>
				 
	<!--===================================================
								Rooms
		=================================================== -->

		<record model="ir.ui.view" id="view_hotel_room_form">
			<field name="name">hotel.room.form</field>
			<field name="model">hotel.room</field>
			<field name="arch" type="xml">
				<form string="Hotel Room">
				<notebook>
						<page string="Information">
							<field name="name" select="1"/>
							<field name="floor_id" string = "Floor" />
							<newline/>
							<field name="categ_id" select="1" domain="[('isroomtype','=',True)]"/>
							<field name="state" select="2" string="Room Status"/>
							<field name="uom_id"/>
							<field name="product_manager" select="2"/>
							<newline/>
                            <separator colspan='4' string="Supplier Taxes"/>
                            <field name="supplier_taxes_id" colspan="4" nolabel='1'/>
                            <newline/>
                            <separator colspan='4' string="Customer Taxes"/>
                            <field name="taxes_id" colspan="4" nolabel='1'/>
						</page>
						<page string = "Room Amenities">
							<separator string=" Room Amenities"/>
							<field name="room_amenities" colspan="4" nolabel="1"/>
						</page>
						<page string="Procurement">
							<field name="active" select="2"/>
							<newline/>
							<field name="list_price"/>
							<field name="rental" select="2"/>
							<field name="standard_price"/>
							<field name="cost_method"/>
							<newline/>
							<field name="uos_id" />
							<field name="uos_coeff" />
							<newline />
							<field name="seller_ids" colspan="4" nolabel="1" widget="one2many_list"/>
							
						</page>
						<page string="Descriptions">
							<separator string="Description" />
							<field name="description" colspan="4" nolabel="1" />
						</page>
				</notebook>
				</form>
			</field>
		</record>
		
        <record model="ir.ui.view" id="view_hotel_room_search">
            <field name="name">hotel.room.search</field>
            <field name="model">hotel.room</field>
            <field name="arch" type="xml">
                <search string="Hotel Room" >
                    <field name="name" />
                    <field name="categ_id" select="1"/>
                    <field name="list_price" string="Room rate"/>
                    <newline/>
                    <group expand="0" string="Group By...">
                        <filter name="categ_id" string="Catagory" icon="terp-stock_symbol-selection" domain="[]" context="{'group_by':'categ_id'}" />
                    </group>
                </search>
            </field>
        </record>		
		
		<record model="ir.ui.view" id="view_hotel_room_tree">
			<field name="name">hotel.room.tree</field>
			<field name="model">hotel.room</field>
			<field name="arch" type="xml">
				<tree string="Hotel Room" >
					<field name="name" />
					<field name="categ_id" select="1"/>
					<field name="list_price" string="Room rate"/>
				</tree>
			</field>
		</record>
		<record model="ir.actions.act_window" id="action_hotel_room_form">
			<field name="name">Hotel Room</field>
			<field name="res_model">hotel.room</field>
			<field name="view_type">form</field>
			<field name="view_mode">tree,form</field>
		</record>
		 
		<menuitem name="Rooms"
				  id="menu_open_hotel_room_form" 
				  action="action_hotel_room_form"
				  sequence="5"
				  parent="hotel.menu_hotel_room"/>
					  
		<!-- Services -->
		
		<record model="ir.ui.view" id="view_hotel_service_type_form">
			<field name="name">hotel.service_type.form</field>
			<field name="model">hotel.service_type</field>
			<field name="arch" type="xml">
				<form string="Service Type">
					<field name="name" select="1"/>
					<field name="parent_id" domain="[('isservicetype','=',True)]" select="1"/>
				</form>
			</field>
		</record>
		<record model="ir.ui.view" id="view_hotel_service_type_tree">
			<field name="name">hotel.service_type.tree</field>
			<field name="model">hotel.service_type</field>
			<field name="arch" type="xml">
				<tree string="Service Type">
					<field name="complete_name"/>
				</tree>
			</field>
		</record>
		<record model="ir.actions.act_window" id="open_hotel_service_type_form_tree">
			<field name="name">Service Type</field>
			<field name="res_model">hotel.service_type</field>
			<field name="view_type">form</field>
			<field name="view_mode">tree,form</field>
		</record> 
		<menuitem  id="menu_hotel_service" name="Services" parent="hotel.hotel_configuration_menu" sequence="2"/>
		<menuitem name="Service Types"
				  id="menu_open_hotel_service_type_form_tree" 
				  action="open_hotel_service_type_form_tree"
				  sequence="9"
				  parent="hotel.menu_hotel_service"/>
				 
						
        <record model="ir.ui.view" id="view_hotel_services_search">
            <field name="name">hotel.services.search</field>
            <field name="model">hotel.services</field>
            <field name="arch" type="xml">
                <search string="Hotel Services" >
                    <field name="name" />
                    <field name="categ_id" select="1"/>
                    <field name="list_price" string="Service rate"/>
                    <newline/>
                    <group expand="0" string="Group By...">
                        <filter name="categ_id" string="Catagory" icon="terp-stock_symbol-selection" domain="[]" context="{'group_by':'categ_id'}" />
                    </group>
                </search>
            </field>
        </record>		
		
		<record model="ir.ui.view" id="view_hotel_services_tree">
			<field name="name">hotel.services.tree</field>
			<field name="model">hotel.services</field>
			<field name="arch" type="xml">
				<tree string="Hotel Services" >
					<field name="name" />
					<field name="categ_id" select="1"/>
					<field name="list_price" string="Service rate"/>
				</tree>
			</field>
		</record>
		<record model="ir.actions.act_window" id="action_hotel_services_form">
			<field name="name">Hotel Services</field>
			<field name="res_model">hotel.services</field>
			<field name="view_type">form</field>
			<field name="view_mode">tree,form</field>
		</record>
		 
		<menuitem name="Services"
				  id="menu_open_hotel_services_form" 
				  action="action_hotel_services_form"
				  sequence="8"
				  parent="hotel.menu_hotel_service"/>
					 

	<!--========================================================
								Hotel Folio
		========================================================-->
		<record model="ir.ui.view" id="view_hotel_folio1_tree">
			<field name="name">hotel.folio.tree</field>
			<field name="model">hotel.folio</field>
			<field name="arch" type="xml">
				<tree string="Hotel Folio1">
					
					<field name="checkin_date" />
					<field name="checkout_date" />
					<field name="name" select="1"/>
					<field name="partner_id"  select="1"/>
			 		<field name="date_order" select="1"/>
					<field name="amount_total" sum="Total amount"/>
				</tree>
			</field>
		</record>

		<record model="ir.ui.view" id="hotel_folio_calendar_view">
	        <field name="name">Hotel- Folios Calendar</field>
	        <field name="model">hotel.folio</field>
	        <field name="arch" type="xml">
	            <calendar string="Folios" date_start="checkin_date" color="user_id" date_stop="checkout_date">
	                <field name="name"/>
	                <field name="partner_id"/>
					<field name="duration"/>
	            </calendar>
	        </field>
    	</record>

		<record model="ir.actions.act_window" id="open_hotel_folio1_form_tree">
			<field name="name">Hotel Folio</field>
			<field name="res_model">hotel.folio</field>
			<field name="view_type">form</field>
			<field name="view_mode">form,tree,calendar</field>
		</record>
		
		
		<record model="ir.actions.act_window" id="open_hotel_folio1_form_tree_all">
			<field name="name">Hotel Folio</field>
			<field name="res_model">hotel.folio</field>
			<field name="view_type">form</field>
			<field name="view_mode">tree,form,calendar</field>
		</record>
		
		<menuitem  id="menu_all_folio" name="Folio" parent="hotel.hotel_management_menu" sequence="4"/>  			 
		<menuitem name="All Folio"
				  id="menu_open_hotel_folio1_form_tree_all"
				  action="open_hotel_folio1_form_tree_all"
				  sequence="5"
				  parent ="menu_all_folio"/>			
				  
		<menuitem name="Generate Folio"
				  id="menu_open_hotel_folio1_form_tree"
				  action="open_hotel_folio1_form_tree"
				  parent ="menu_all_folio"/>
				  		 
		<!-- Categories for Room, Amenities, Services -->		
					 
		<record model="ir.actions.act_window" id="hotel_room_category_action">
			<field name="name">Rooms by Category</field>
			<field name="type">ir.actions.act_window</field>
			<field name="res_model">product.category</field>
			<field name="domain">[('parent_id','=',False),('isroomtype','=',True)]</field>
			<field name="view_type">tree</field>
			<field name="view_id" ref="product.product_category_tree_view"/>
		</record>
		<menuitem name="Room by Category" 
				  id="menu_hotel_room_category_action" 
				  action="hotel_room_category_action"
				  sequence="7"
				  parent="hotel.menu_hotel_room"/>
		
		<record model="ir.actions.act_window" id="hotel_amenity_category_action">
			<field name="name">Amenities by Category</field>
			<field name="type">ir.actions.act_window</field>
			<field name="res_model">product.category</field>
			<field name="domain">[('parent_id','=',False),('isamenitype','=',True)]</field>
			<field name="view_type">tree</field>
			<field name="view_id" ref="product.product_category_tree_view"/>
		</record>
		<menuitem name="Amenities by Category" 
				  id="menu_hotel_amenity_category_action" 
				  action="hotel_amenity_category_action"
				  sequence="4"
				  parent="hotel.menu_amenity"/>
	
		<record model="ir.actions.act_window" id="hotel_service_category_action">
			<field name="name">Services by Category</field>
			<field name="type">ir.actions.act_window</field>
			<field name="res_model">product.category</field>
			<field name="domain">[('parent_id','=',False),('isservicetype','=',True)]</field>
			<field name="view_type">tree</field>
			<field name="view_id" ref="product.product_category_tree_view"/>
		</record>
		<menuitem name="Services by Category" 
				  id="menu_hotel_service_category_action" 
				  action="hotel_service_category_action"
				  sequence="10"
				  parent="hotel.menu_hotel_service"/>
	
	</data>
</openerp>
