<?xml version="1.0" encoding="UTF-8"?>
<openerp>
    <data>

        <record model="ir.ui.view" id="geo_conf_panel">
            <field name="name">res.company.form.inherit</field>
            <field name="model">res.company</field>
            <field name="inherit_id" ref="base.view_company_form"/>
            <field name="type">form</field>
            <field name="arch" type="xml">
                <notebook position="inside">
                    <page string="GeoEngine Backend">
                        <group  string="Project data" colspan="4" groups="base_geoengine.group_geoengine_admin">
                            <field name="geoengine_base_info" colspan="4" nolabel="1"/>
                            <newline/>
                        </group>
                    </page>
                </notebook>
            </field>
        </record>

        <menuitem name="GeoEngine Backend" id="geoengine_base_menu" web_icon="images/map.png" groups="group_geoengine_admin" web_icon_hover="images/map-hover.png"/>
    </data>
</openerp>

