<template>
    <div t-name="GeoengineView" t-att-id="elem_id"
         style="height:500px;position:relative;">
         <br />
         <div  t-name="t-limit" t-att-id="limit_elem_id" style="position:relative;">limit: <select id="query_limit"><option value="80">80</option>
                                                                                                   <option value="300">300</option>
                                                                                                   <option value="500">500</option>
                                                                                                   <option value="0">unlimited</option></select></div>
        <div id="the_map"></div>
        <div id="map_infobox" class="map_overlay">
            <div id="map_info"></div>
        </div>
        <div id="map_measurementbox" class="map_overlay">
        </div>
    </div>

  <t t-name="FieldGeoPointXY">
    <table cellpadding="0" cellspacing="0" border="0" width="100%">
    <tr>
      <td align="center" valign="middle">
        X:
      </td>
      <td width="47%" valign="top">
        <t t-call="FieldChar"/>
      </td>
      <td align="center" valign="middle">
        Y:
      </td>
      <td width="47%" valign="top">
        <t t-call="FieldChar"/>
      </td>
    </tr>
    </table>
  </t>

  <t t-name="FieldGeoPointXY.readonly">
    <div
        t-att-id="widget.name"
        t-attf-class="field_#{widget.widget} #{_(['geo_point_xy']).contains(widget.widget) ? 'oe-number' : ''}">
    </div>
  </t>

  <t t-name="FieldGeoRect">
    <table cellpadding="0" cellspacing="0" border="0" width="100%">
    <tr>
      <td colspan="4" valign="middle">
        Bottom-Left
      </td>
    </tr>
    <tr>
      <td align="center" valign="middle">
        X:
      </td>
      <td width="47%" valign="top">
        <t t-call="FieldChar"/>
      </td>
      <td align="center" valign="middle">
        Y:
      </td>
      <td width="47%" valign="top">
        <t t-call="FieldChar"/>
      </td>
    </tr>
    <tr>
      <td colspan="4" valign="middle">
        Up-Right
      </td>
    </tr>
    <tr>
      <td align="center" valign="middle">
        X:
      </td>
      <td width="47%" valign="top">
        <t t-call="FieldChar"/>
      </td>
      <td align="center" valign="middle">
        Y:
      </td>
      <td width="47%" valign="top">
        <t t-call="FieldChar"/>
      </td>
    </tr>
    </table>
  </t>
  <t t-name="FieldGeoRect.readonly">
    <div
        t-att-id="widget.name"
        t-attf-class="field_#{widget.widget} #{_(['geo_point_xy']).contains(widget.widget) ? 'oe-number' : ''}">
    </div>
  </t>


<t t-name="FieldGeoEngineEditMap">
  <div t-att-id="widget.name" t-attf-class="field_#{widget.widget}" border="1"/>
</t>

</template>
