<?xml version="1.0" encoding="utf-8"?>
<openerp>
    <data>

        <record model="ir.ui.view" id="product_link_form">
            <field name="name">product.link.form</field>
            <field name="model">product.link</field>
            <field name="arch" type="xml">
                <form string="Product Links">
                    <field name="product_id"
                        invisible="not context.get('product_link_main_view')"
                        select="1"/>
                    <field name="is_active" select="1" />
                    <field name="linked_product_id" select="1" />
                    <field name="type" select="1" />
                </form>
            </field>
        </record>

        <record model="ir.ui.view" id="product_link_tree">
            <field name="name">product.link.tree</field>
            <field name="model">product.link</field>
            <field name="arch" type="xml">
                <tree string="Product Links">
                    <field name="product_id"
                        invisible="not context.get('product_link_main_view')" />
                    <field name="is_active" />
                    <field name="linked_product_id" />
                    <field name="type" />
                </tree>
            </field>
        </record>

        <record model="ir.ui.view" id="product_product_link_form">
            <field name="name">product.normal.form.custom.link</field>
            <field name="model">product.product</field>
            <field name="inherit_id" ref="product.product_normal_form_view"/>
            <field name="arch" type="xml">
                <notebook position="inside">
                    <page string="Product Links">
                        <field name="product_link_ids" colspan="4"
                            nolabel="1" context="{'product_id': active_id}"/>
                    </page>
                </notebook>
            </field>
        </record>

        <record id="product_link_action" model="ir.actions.act_window">
            <field name="name">Product Links</field>
            <field name="res_model">product.link</field>
            <field name="view_type">form</field>
            <field name="view_mode">tree,form</field>
            <field name="context">{'product_link_main_view': True}</field>
        </record>

        <menuitem id="product_link_menu"
            parent="base.menu_product"
            action="product_link_action"
            sequence="100"/>

    </data>
</openerp>
