<?xml version="1.0" encoding="utf-8"?>
<!--
  sale_automic_workflow for OpenERP
  Copyright (C) 2011 Akretion Sébastien BEAU <sebastien.beau@akretion.com>
  The licence is in the file __openerp__.py
-->

<openerp>
    <data>

        <!-- VIEW FOR THE OBJECT : sale_workflow_process -->
        <record id="sale_workflow_process_view_form" model="ir.ui.view">
            <field name="name">sale_automic_workflow.sale_workflow_process.view_form</field>
            <field name="model">sale.workflow.process</field>
            <field name="arch" type="xml">
                <form string="Automatic Workflow">
                    <field name="name"/>
                    <separator string="Order Configuration" colspan="4" />
                    <field name="picking_policy"/>
                    <field name="order_policy"/>
                    <field name="invoice_quantity"/>
                    <separator string="Workflow Options" colspan="4" />
                    <field name="validate_order"/>
                    <field name="validate_picking"/>
                    <!-- <field name="validate_manufactoring_order"/> -->
                    <field name="create_invoice_on" attrs="{'readonly': [('order_policy', '!=', 'manual')]}" />
                    <field name="validate_invoice"/>
                    <field name="invoice_date_is_order_date"/>
                    <field name="warning"/>
                </form>
            </field>
        </record>

        <record id="sale_workflow_process_view_tree" model="ir.ui.view">
            <field name="name">sale_automic_workflow.sale_workflow_process.view_tree</field>
            <field name="model">sale.workflow.process</field>
            <field name="arch" type="xml">
                <tree string="Automatic Workflow">
                    <field name="name"/>
                    <field name="picking_policy"/>
                    <field name="order_policy"/>
                    <field name="invoice_quantity"/>
                    <field name="validate_order"/>
                    <field name="validate_picking"/>
                    <!-- <field name="validate_manufactoring_order"/> -->
                    <field name="create_invoice_on" />
                    <field name="validate_invoice"/>
                    <field name="invoice_date_is_order_date"/>
                </tree>
            </field>
        </record>

        <record id="act_sale_workflow_process_form" model="ir.actions.act_window">
            <field name="name">Automatic Workflow</field>
            <field name="res_model">sale.workflow.process</field>
            <field name="view_type">form</field>
            <field name="view_mode">tree,form</field>
        </record>

        <menuitem action="act_sale_workflow_process_form" id="menu_act_sale_workflow_process_form" parent="base.menu_sale_config_sales" sequence="20"/>

    </data>
</openerp>
