<?xml version="1.0" encoding="utf-8"?>
<!--
  sale_automatic_workflow for OpenERP
  Copyright (C) 2011 Akretion Sébastien BEAU <sebastien.beau@akretion.com>
  The licence is in the file __openerp__.py
-->

<openerp>
    <data>

        <record id="sale_order_view_form" model="ir.ui.view">
            <field name="name">sale_automatic_workflow.sale_order.view_form</field>
            <field name="model">sale.order</field>
            <field name="inherit_id" ref="sale_payment_method.sale_order_view_form" />
            <field name="arch" type="xml">
                <field name="payment_method_id" position="after">
                    <field name="workflow_process_id" string="Automatic Workflow"
                        on_change="onchange_workflow_process_id(workflow_process_id)" />
                </field>
            </field>
        </record>

    </data>
</openerp>
