<?xml version="1.0" encoding="utf-8"?>
<openerp>
    <data>
        <record model="ir.ui.view" id="view_model_fields_form_geo">
            <!-- must be unique in this module. -->
            <field name="name">ir.model.fields.form.geo</field>
            <field name="model">ir.model.fields</field>
            <!--parent python entity -->
            <field name="inherit_id" ref="base.view_model_fields_form"/>
            <!-- modulename.view -->
            <field name="arch" type="xml">
                <form string="Fields" version="7.0">
                    <sheet>
                        <group>
                            <!-- nasty attrs but ilike operator does not work as expected -->
                            <field name="srid"
                                   attrs="{'readonly': [('ttype', 'not in', ['geo_polygon', 'geo_multi_polygon', 'geo_point', 'geo_multi_point', 'geo_line', 'geo_multi_line'])]}"/>
                            <field name="geo_type"
                                   attrs="{'readonly': [('ttype', 'not in', ['geo_polygon', 'geo_multi_polygon', 'geo_point', 'geo_multi_point', 'geo_line', 'geo_multi_line'])]}"/>
                            <field name="dim"
                                   attrs="{'readonly': [('ttype', 'not in', ['geo_polygon', 'geo_multi_polygon', 'geo_point', 'geo_multi_point', 'geo_line', 'geo_multi_line'])]}"/>
                            <field name="gist_index"
                                   attrs="{'readonly': [('ttype', 'not in', ['geo_polygon', 'geo_multi_polygon', 'geo_point', 'geo_multi_point', 'geo_line', 'geo_multi_line'])]}"/>
                        </group>
                    </sheet>
                </form>
            </field>
        </record>
    </data>
</openerp>
