<?xml version="1.0" encoding="utf-8"?>
<openerp>
    <data>
        <!-- sale order -->
        <record id="sale.action_orders" model="ir.actions.act_window">
            <field name="view_mode">tree,form,calendar,graph,geoengine</field>
        </record>

        <record model="ir.ui.view" id="geo_sale_order_view_form">
            <field name="name">geo_sale_order_form</field>
            <field name="model">sale.order</field>
            <field name="type">form</field>
            <field name="inherit_id" ref="sale.view_order_form"/>
            <field name="arch" type="xml">
                <field name="user_id" position="after">
                    <field name="geo_point" colspan="4" widget="text"
                           groups="base_geoengine.group_geoengine_user,base_geoengine.group_geoengine_admin"/>
                </field>
            </field>
        </record>

        <!-- GeoEngine views -->
        <record id="ir_ui_view_geo_sale_order" model="ir.ui.view">
            <field name="name">Sale Order view</field>
            <field name="arch" type="xml">
                <geoengine version="7.0">
                    <field name="name" select="1"/>
                    <field name="partner_id"/>
                    <field name="state"/>
                    <field name="amount_total"/>
                </geoengine>
            </field>
            <field eval="16" name="priority"/>
            <field name="model">sale.order</field>
        </record>

        <record id="geoengine_vector_layer_sales_order" model="geoengine.vector.layer">
            <field name="geo_field_id"
                   ref="geoengine_partner.field_res_partner_geo_point"/>
            <field name="name">Sale order proportional</field>
            <field eval="6" name="sequence"/>
            <field name="view_id" ref="ir_ui_view_geo_sale_order"/>
            <field name="geo_repr">proportion</field>
            <field eval="1" name="nb_class"/>
            <field name="attribute_field_id" ref="sale.field_sale_order_amount_total"/>
            <field name="classification">quantile</field>
            <field name="begin_color">#4B69FD</field>
        </record>

        <record id="geoengine_raster_layer_sales_order" model="geoengine.raster.layer">
            <field name="raster_type">google</field>
            <field name="google_type">G_HYBRID_MAP</field>
            <field name="name">Sale Order background</field>
            <field name="view_id" ref="ir_ui_view_geo_sale_order"/>
            <field eval="0" name="overlay"/>
        </record>
     </data>
</openerp>
